{
	"credit": "Made by TheWaschtlPlays using Blockbench",
	"parent": "block/orientable",
	"textures": {
		"bottom": "block/observer_back",
		"side": "block/observer_side",
		"top": "block/observer_top",
		"particle": "block/observer_front",
		"front": "block/observer_front"
	},
	"elements": [
		{
			"from": [0, 15, 1],
			"to": [1, 16, 15],
			"rotation": {"angle": 0, "axis": "y", "origin": [8, 8, 8]},
			"faces": {
				"east": {"uv": [15, 1, 16, 15], "rotation": 90, "texture": "#top", "cullface": "up"},
				"west": {"uv": [1, 0, 15, 1], "texture": "#side", "cullface": "west"},
				"up": {"uv": [15, 1, 16, 15], "texture": "#top", "cullface": "up"},
				"down": {"uv": [1, 0, 15, 1], "rotation": 270, "texture": "#side", "cullface": "west"}
			}
		},
		{
			"from": [0, 1, 15],
			"to": [1, 15, 16],
			"rotation": {"angle": 0, "axis": "y", "origin": [8, 8, 8]},
			"faces": {
				"north": {"uv": [15, 1, 16, 15], "texture": "#side", "cullface": "west"},
				"east": {"uv": [0, 1, 1, 15], "texture": "#bottom", "cullface": "south"},
				"south": {"uv": [0, 1, 1, 15], "texture": "#side", "cullface": "south"},
				"west": {"uv": [15, 1, 16, 15], "texture": "#side", "cullface": "west"}
			}
		},
		{
			"from": [0, 15, 15],
			"to": [16, 16, 16],
			"rotation": {"angle": 0, "axis": "y", "origin": [8, 8, 8]},
			"faces": {
				"north": {"uv": [0, 0, 16, 1], "rotation": 180, "texture": "#top", "cullface": "up"},
				"east": {"uv": [0, 0, 1, 1], "texture": "#side", "cullface": "east"},
				"south": {"uv": [0, 0, 16, 1], "texture": "#bottom", "cullface": "south"},
				"west": {"uv": [15, 0, 16, 1], "texture": "#side", "cullface": "west"},
				"up": {"uv": [0, 0, 16, 1], "texture": "#top", "cullface": "up"},
				"down": {"uv": [0, 0, 16, 1], "texture": "#side", "cullface": "south"}
			}
		},
		{
			"from": [15, 1, 15],
			"to": [16, 15, 16],
			"rotation": {"angle": 0, "axis": "y", "origin": [8, 8, 8]},
			"faces": {
				"north": {"uv": [0, 1, 1, 15], "texture": "#bottom", "cullface": "east"},
				"east": {"uv": [0, 1, 1, 15], "texture": "#side", "cullface": "east"},
				"south": {"uv": [15, 1, 16, 15], "texture": "#bottom", "cullface": "south"},
				"west": {"uv": [15, 1, 16, 15], "texture": "#bottom", "cullface": "south"}
			}
		},
		{
			"from": [15, 15, 1],
			"to": [16, 16, 15],
			"rotation": {"angle": 0, "axis": "y", "origin": [8, 8, 8]},
			"faces": {
				"east": {"uv": [1, 0, 15, 1], "texture": "#side", "cullface": "east"},
				"west": {"uv": [0, 1, 1, 15], "rotation": 270, "texture": "#top", "cullface": "up"},
				"up": {"uv": [0, 1, 1, 15], "texture": "#top", "cullface": "up"},
				"down": {"uv": [1, 0, 15, 1], "rotation": 90, "texture": "#side", "cullface": "east"}
			}
		},
		{
			"from": [0, 15, 0],
			"to": [16, 16, 1],
			"rotation": {"angle": 0, "axis": "y", "origin": [8, 8, 8]},
			"faces": {
				"north": {"uv": [0, 0, 16, 1], "texture": "#front", "cullface": "north"},
				"east": {"uv": [15, 0, 16, 1], "texture": "#side", "cullface": "east"},
				"south": {"uv": [0, 15, 16, 16], "texture": "#top", "cullface": "up"},
				"west": {"uv": [0, 0, 1, 1], "texture": "#side", "cullface": "west"},
				"up": {"uv": [0, 15, 16, 16], "texture": "#top", "cullface": "up"},
				"down": {"uv": [0, 0, 16, 1], "rotation": 180, "texture": "#front", "cullface": "north"}
			}
		},
		{
			"from": [15, 1, 0],
			"to": [16, 15, 1],
			"rotation": {"angle": 0, "axis": "y", "origin": [8, 8, 8]},
			"faces": {
				"north": {"uv": [0, 1, 1, 15], "texture": "#front", "cullface": "north"},
				"east": {"uv": [15, 1, 16, 15], "texture": "#side", "cullface": "east"},
				"south": {"uv": [15, 1, 16, 15], "texture": "#bottom", "cullface": "east"},
				"west": {"uv": [0, 1, 1, 15], "texture": "#front", "cullface": "north"}
			}
		},
		{
			"from": [0, 1, 0],
			"to": [1, 15, 1],
			"rotation": {"angle": 0, "axis": "y", "origin": [8, 8, 8]},
			"faces": {
				"north": {"uv": [15, 1, 16, 15], "texture": "#front", "cullface": "north"},
				"east": {"uv": [15, 1, 16, 15], "texture": "#front", "cullface": "north"},
				"south": {"uv": [0, 1, 1, 15], "texture": "#side", "cullface": "west"},
				"west": {"uv": [0, 1, 1, 15], "texture": "#side", "cullface": "west"}
			}
		},
		{
			"from": [0, 0, 1],
			"to": [1, 1, 15],
			"rotation": {"angle": 0, "axis": "y", "origin": [8, 8, 8]},
			"faces": {
				"east": {"uv": [15, 1, 16, 15], "rotation": 270, "texture": "#top", "cullface": "down"},
				"west": {"uv": [1, 15, 15, 16], "texture": "#side", "cullface": "west"},
				"up": {"uv": [1, 15, 15, 16], "rotation": 90, "texture": "#side", "cullface": "west"},
				"down": {"uv": [15, 1, 16, 15], "texture": "#top", "cullface": "down"}
			}
		},
		{
			"from": [0, 0, 15],
			"to": [16, 1, 16],
			"rotation": {"angle": 0, "axis": "y", "origin": [8, 8, 8]},
			"faces": {
				"north": {"uv": [0, 0, 16, 1], "rotation": 180, "texture": "#top", "cullface": "down"},
				"east": {"uv": [0, 15, 1, 16], "texture": "#side", "cullface": "east"},
				"south": {"uv": [0, 15, 16, 16], "texture": "#bottom", "cullface": "south"},
				"west": {"uv": [15, 15, 16, 16], "texture": "#side", "cullface": "west"},
				"up": {"uv": [0, 15, 16, 16], "texture": "#side", "cullface": "south"},
				"down": {"uv": [0, 0, 16, 1], "texture": "#top", "cullface": "down"}
			}
		},
		{
			"from": [0, 0, 0],
			"to": [16, 1, 1],
			"rotation": {"angle": 0, "axis": "y", "origin": [8, 8, 8]},
			"faces": {
				"north": {"uv": [0, 15, 16, 16], "texture": "#front", "cullface": "north"},
				"east": {"uv": [15, 15, 16, 16], "texture": "#side", "cullface": "east"},
				"south": {"uv": [0, 15, 16, 16], "rotation": 180, "texture": "#top", "cullface": "down"},
				"west": {"uv": [0, 15, 1, 16], "texture": "#side", "cullface": "west"},
				"up": {"uv": [0, 15, 16, 16], "rotation": 180, "texture": "#front", "cullface": "north"},
				"down": {"uv": [0, 15, 16, 16], "rotation": 180, "texture": "#top", "cullface": "down"}
			}
		},
		{
			"from": [15, 0, 1],
			"to": [16, 1, 15],
			"rotation": {"angle": 0, "axis": "y", "origin": [8, 8, 8]},
			"faces": {
				"east": {"uv": [1, 15, 15, 16], "texture": "#side", "cullface": "east"},
				"west": {"uv": [0, 1, 1, 15], "rotation": 90, "texture": "#top", "cullface": "down"},
				"up": {"uv": [1, 15, 15, 16], "rotation": 270, "texture": "#side", "cullface": "east"},
				"down": {"uv": [0, 1, 1, 15], "texture": "#top", "cullface": "down"}
			}
		},
		{
			"name": "Up",
			"from": [1, 15.5, 1],
			"to": [15, 15.5, 15],
			"rotation": {"angle": 0, "axis": "y", "origin": [8, 8, 8]},
			"faces": {
				"up": {"uv": [1, 1, 15, 15], "rotation": 180, "texture": "#top", "cullface": "up"}
			}
		},
		{
			"name": "Down",
			"from": [1, 0.5, 1],
			"to": [15, 0.5, 15],
			"rotation": {"angle": 0, "axis": "y", "origin": [8, 8, 8]},
			"faces": {
				"down": {"uv": [1, 1, 15, 15], "texture": "#top", "cullface": "down"}
			}
		},
		{
			"from": [0.5, 1, 1],
			"to": [0.5, 15, 15],
			"rotation": {"angle": 0, "axis": "y", "origin": [8, 8, 8]},
			"faces": {
				"west": {"uv": [1, 1, 15, 15], "texture": "#side", "cullface": "west"}
			}
		},
		{
			"from": [0, 3, 1],
			"to": [0.5, 13, 15],
			"rotation": {"angle": 0, "axis": "y", "origin": [8, 8, 8]},
			"faces": {
				"west": {"uv": [1, 3, 15, 13], "texture": "#side", "cullface": "west"},
				"up": {"uv": [1, 3, 15, 4], "rotation": 90, "texture": "#side", "cullface": "west"},
				"down": {"uv": [1, 12, 15, 13], "rotation": 270, "texture": "#side", "cullface": "west"}
			}
		},
		{
			"from": [15.5, 3, 1],
			"to": [16, 13, 15],
			"rotation": {"angle": 0, "axis": "y", "origin": [8, 8, 8]},
			"faces": {
				"east": {"uv": [1, 3, 15, 13], "texture": "#side", "cullface": "east"},
				"up": {"uv": [1, 3, 15, 4], "rotation": 270, "texture": "#side", "cullface": "east"},
				"down": {"uv": [1, 12, 15, 13], "rotation": 90, "texture": "#side", "cullface": "east"}
			}
		},
		{
			"from": [15.5, 1, 1],
			"to": [15.5, 15, 15],
			"rotation": {"angle": 0, "axis": "y", "origin": [8, 8, 8]},
			"faces": {
				"east": {"uv": [1, 1, 15, 15], "texture": "#side", "cullface": "east"}
			}
		},
		{
			"from": [1, 1, 15.5],
			"to": [15, 15, 15.5],
			"rotation": {"angle": 0, "axis": "y", "origin": [8, 8, 8]},
			"faces": {
				"south": {"uv": [1, 1, 15, 15], "texture": "#bottom", "cullface": "south"}
			}
		},
		{
			"from": [9, 3, 15.5],
			"to": [15, 13, 16],
			"rotation": {"angle": 0, "axis": "y", "origin": [8, 8, 8]},
			"faces": {
				"south": {"uv": [9, 3, 15, 13], "texture": "#bottom", "cullface": "south"},
				"west": {"uv": [9, 3, 10, 13], "texture": "#bottom", "cullface": "south"},
				"up": {"uv": [9, 3, 15, 4], "texture": "#bottom", "cullface": "south"},
				"down": {"uv": [9, 12, 15, 13], "texture": "#bottom", "cullface": "south"}
			}
		},
		{
			"from": [1, 3, 15.5],
			"to": [7, 13, 16],
			"rotation": {"angle": 0, "axis": "y", "origin": [8, 8, 8]},
			"faces": {
				"east": {"uv": [6, 3, 7, 13], "texture": "#bottom", "cullface": "south"},
				"south": {"uv": [1, 3, 7, 13], "texture": "#bottom", "cullface": "south"},
				"up": {"uv": [1, 3, 7, 4], "texture": "#bottom", "cullface": "south"},
				"down": {"uv": [1, 12, 7, 13], "texture": "#bottom", "cullface": "south"}
			}
		},
		{
			"from": [7, 6, 15.5],
			"to": [9, 7, 16],
			"rotation": {"angle": 0, "axis": "y", "origin": [8, 8, 8]},
			"faces": {
				"south": {"uv": [7, 9, 9, 10], "texture": "#bottom", "cullface": "south"},
				"up": {"uv": [7, 9, 9, 10], "texture": "#bottom", "cullface": "south"},
				"down": {"uv": [7, 9, 9, 10], "texture": "#bottom", "cullface": "south"}
			}
		},
		{
			"from": [7, 7, 15.75],
			"to": [9, 9, 15.75],
			"rotation": {"angle": 0, "axis": "y", "origin": [8, 8, 8]},
			"faces": {
				"south": {"uv": [7, 7, 9, 9], "texture": "#bottom", "cullface": "south"}
			}
		},
		{
			"from": [7, 9, 15.5],
			"to": [9, 13, 16],
			"rotation": {"angle": 0, "axis": "y", "origin": [8, 8, 8]},
			"faces": {
				"south": {"uv": [7, 3, 9, 7], "texture": "#bottom", "cullface": "south"},
				"up": {"uv": [7, 3, 9, 4], "texture": "#bottom", "cullface": "south"},
				"down": {"uv": [7, 6, 9, 7], "texture": "#bottom", "cullface": "south"}
			}
		},
		{
			"from": [1, 13, 0.5],
			"to": [15, 15, 0.5],
			"rotation": {"angle": 0, "axis": "y", "origin": [8, 8, 8]},
			"faces": {
				"north": {"uv": [1, 1, 15, 3], "texture": "#front", "cullface": "north"}
			}
		},
		{
			"from": [1, 7, 0.5],
			"to": [15, 10, 1],
			"rotation": {"angle": 0, "axis": "y", "origin": [8, 8, 8]},
			"faces": {
				"north": {"uv": [1, 6, 15, 9], "texture": "#front", "cullface": "north"},
				"down": {"uv": [1, 8, 15, 9], "texture": "#front", "cullface": "north"}
			}
		},
		{
			"from": [1, 1, 0.5],
			"to": [15, 3, 1],
			"rotation": {"angle": 0, "axis": "y", "origin": [8, 8, 8]},
			"faces": {
				"north": {"uv": [1, 13, 15, 15], "texture": "#front", "cullface": "north"},
				"up": {"uv": [1, 13, 15, 14], "rotation": 180, "texture": "#front", "cullface": "north"}
			}
		},
		{
			"from": [1, 3, 0.5],
			"to": [7, 5, 1],
			"rotation": {"angle": 0, "axis": "y", "origin": [8, 8, 8]},
			"faces": {
				"north": {"uv": [9, 11, 15, 13], "texture": "#front", "cullface": "north"},
				"east": {"uv": [9, 11, 10, 13], "texture": "#front", "cullface": "north"},
				"up": {"uv": [9, 11, 15, 12], "rotation": 180, "texture": "#front", "cullface": "north"}
			}
		},
		{
			"from": [7, 4, 0.5],
			"to": [9, 5, 1],
			"rotation": {"angle": 0, "axis": "y", "origin": [8, 8, 8]},
			"faces": {
				"north": {"uv": [7, 11, 9, 12], "texture": "#front", "cullface": "north"},
				"down": {"uv": [7, 11, 9, 12], "texture": "#front", "cullface": "north"}
			}
		},
		{
			"from": [9, 3, 0.5],
			"to": [15, 5, 1],
			"rotation": {"angle": 0, "axis": "y", "origin": [8, 8, 8]},
			"faces": {
				"north": {"uv": [1, 11, 7, 13], "texture": "#front", "cullface": "north"},
				"west": {"uv": [6, 11, 7, 13], "texture": "#front", "cullface": "north"},
				"up": {"uv": [1, 11, 7, 12], "rotation": 180, "texture": "#front", "cullface": "north"}
			}
		},
		{
			"from": [1, 5, 0.5],
			"to": [3, 7, 1],
			"rotation": {"angle": 0, "axis": "y", "origin": [8, 8, 8]},
			"faces": {
				"north": {"uv": [13, 9, 15, 11], "texture": "#front", "cullface": "north"},
				"east": {"uv": [13, 9, 14, 11], "texture": "#front", "cullface": "north"},
				"up": {"uv": [9, 11, 15, 12], "rotation": 180, "texture": "#front", "cullface": "north"}
			}
		},
		{
			"from": [13, 5, 0.5],
			"to": [15, 7, 1],
			"rotation": {"angle": 0, "axis": "y", "origin": [8, 8, 8]},
			"faces": {
				"north": {"uv": [1, 9, 3, 11], "texture": "#front", "cullface": "north"},
				"west": {"uv": [2, 9, 3, 11], "texture": "#front", "cullface": "north"},
				"up": {"uv": [1, 11, 7, 12], "rotation": 180, "texture": "#front", "cullface": "north"}
			}
		},
		{
			"from": [1, 7, 0.25],
			"to": [7, 8, 0.5],
			"rotation": {"angle": 0, "axis": "y", "origin": [8, 8, 8]},
			"faces": {
				"north": {"uv": [9, 8, 15, 9], "texture": "#front", "cullface": "north"},
				"east": {"uv": [9, 8, 10, 9], "texture": "#front", "cullface": "north"},
				"up": {"uv": [9, 8, 15, 9], "texture": "#front", "cullface": "north"},
				"down": {"uv": [9, 8, 15, 9], "texture": "#front", "cullface": "north"}
			}
		},
		{
			"from": [9, 7, 0.25],
			"to": [15, 8, 0.5],
			"rotation": {"angle": 0, "axis": "y", "origin": [8, 8, 8]},
			"faces": {
				"north": {"uv": [1, 8, 7, 9], "texture": "#front", "cullface": "north"},
				"west": {"uv": [6, 8, 7, 9], "texture": "#front", "cullface": "north"},
				"up": {"uv": [1, 8, 7, 9], "texture": "#front", "cullface": "north"},
				"down": {"uv": [1, 8, 7, 9], "texture": "#front", "cullface": "north"}
			}
		},
		{
			"from": [5, 5, 0.5],
			"to": [11, 7, 1],
			"rotation": {"angle": 0, "axis": "y", "origin": [8, 8, 8]},
			"faces": {
				"north": {"uv": [5, 9, 11, 11], "texture": "#front", "cullface": "north"},
				"east": {"uv": [5, 9, 6, 11], "texture": "#front", "cullface": "north"},
				"west": {"uv": [10, 9, 11, 11], "texture": "#front", "cullface": "north"},
				"up": {"uv": [9, 11, 15, 12], "rotation": 180, "texture": "#front", "cullface": "north"},
				"down": {"uv": [5, 11, 11, 12], "texture": "#front", "cullface": "north"}
			}
		},
		{
			"from": [3, 3, 0.75],
			"to": [13, 7, 0.75],
			"rotation": {"angle": 0, "axis": "y", "origin": [8, 8, 8]},
			"faces": {
				"north": {"uv": [3, 9, 13, 13], "texture": "#front", "cullface": "north"}
			}
		},
		{
			"from": [1, 10, 0],
			"to": [15, 13, 0.5],
			"rotation": {"angle": 0, "axis": "y", "origin": [8, 8, 8]},
			"faces": {
				"north": {"uv": [1, 3, 15, 6], "texture": "#front", "cullface": "north"},
				"up": {"uv": [1, 3, 15, 4], "rotation": 180, "texture": "#front", "cullface": "north"},
				"down": {"uv": [1, 5, 15, 6], "rotation": 180, "texture": "#front", "cullface": "north"}
			}
		}
	],
	"display": {
		"firstperson_righthand": {
			"rotation": [0, -45, 0],
			"scale": [0.4, 0.4, 0.4]
		},
		"firstperson_lefthand": {
			"rotation": [0, -45, 0],
			"scale": [0.4, 0.4, 0.4]
		}
	},
	"groups": [
		{
			"name": "frame",
			"origin": [8, 8, 8],
			"color": 0,
			"children": [0, 1, 2, 3, 4, 5, 6, 7, 8, 9, 10, 11]
		},
		12,
		13,
		{
			"name": "West",
			"origin": [8, 11, 9],
			"color": 0,
			"children": [14, 15]
		},
		{
			"name": "East",
			"origin": [8.5, 9, 7],
			"color": 0,
			"children": [16, 17]
		},
		{
			"name": "South",
			"origin": [15, 11, 23],
			"color": 0,
			"children": [18, 19, 20, 21, 22, 23]
		},
		{
			"name": "North",
			"origin": [5, 14, 8.5],
			"color": 0,
			"children": [24, 25, 26, 27, 28, 29, 30, 31, 32, 33, 34, 35, 36]
		}
	]
}